{"dimensions":{"x":10000000,"y":100,"z":10000000},"time":{"year":1,"month":1,"day":1,"hour":10,"minute":23,"second":56},"weather":{"daytime":0,"humidity_clouds":0.053292824064511204,"humidity_clouds_critical":1,"humidity_clouds_increment":0.000001446759259,"humidity_clouds_rain_speed":0.000138,"light":1,"status":"sun","temperature":20},"stellar_objects":{"moon":{"angle":5.083368000000576,"phase":0,"speed":0.000138},"sun":{"angle":153.23776000004864,"speed":0.00416}}}